solid,1,7,10,11,12,13,16,18,19,24,31,33,35,37,39,44,45,47,48,51,52,53,55,58,59,68,78,81,83,87,90,94,95,100,104,106,107,109,121,125,126,127,128,130,131,135,136,138,139,140,144,145,146,147,150,153,154,156,157,162,165,167,172,175,176,182,183,184,185,191,192,194,199,201,202,203,205,208,209,211,212,213,217,218,220,221,223,224,225,227,228,230,231,237,238,240,241,243,244,247,250,251,253,255,256,257,262,266,267,268,275,277,278,282,284,285,289,293,296,297,300,303,304,307,308,311,314,320,324,328,329,331,332,338,339,343,344,345,346,348,350,354,359,362,364,365,370,374,375,378,379,381,382
printed,4,8,14,17,36,49,69,70,80,82,84,91,96,110,114,122,134,158,160,161,166,169,186,196,198,204,207,214,219,226,229,233,235,246,249,270,274,276,279,280,283,288,290,292,294,298,302,309,310,313,317,321,325,326,334,337,351,353,358,361,363,369,377,380,384,385,386
striped,2,5,6,20,21,23,26,30,32,40,42,43,46,54,73,77,93,101,108,116,120,133,141,155,159,163,171,173,174,177,189,193,195,245,252,258,272,301,306,318,323,336,341,342,347,352,368,371
color block,3,9,50,56,57,61,62,64,74,76,89,92,98,103,112,113,118,124,129,132,142,143,148,151,152,164,180,187,188,190,200,210,216,234,242,259,286,287,305,315,330,333,340,349,356,357,360,367
pack of 3 solid,25,29,67,71,72,86,97,115,137,149,168,261,299,335,376
checkered,102
ombre,181
striped applique,206
pack of 3 printed,222
pack of 3 color block,319
