Solid Aline,0,1,2,3,5,7,8,10,11,16,24,25,31,52,54,62,69,77,81,98,99,104,113,128,130,131,135,139,143,147,151,172,178,179,191,193,198,199,213,215,225,243,259,261,266,276,278,281,291,300,310,321
Solid Flared,20,32,36,37,43,56,57,60,61,64,65,67,68,79,87,88,93,109,120,126,132,140,144,156,168,218,219,221,223,229,232,235,236,253,254,263,268
Solid Pencil,14,15,47,58,83,107,111,150,169,174,180,181,184,195,200,201,208,209,216,222,239,240,265,284,290,307,317,320
Solid Pleated,17,18,22,23,50,63,70,78,95,136,146,158,160,170,175,196,203,217,234,244,255,274,285,296,298,315,316,319
Dark Blue,6,9,25,33,49,62,89,94,98,107,145,161,169,180,200,209,225,246,277,281,296,299,310,313
Striped Skorts,301
Woven Flared,311
Flared Purple,311
Pleated White,314
Pleated Gold,315
